IPC subclass,Label
A01B,"농업 또는 임업에 있어서의 토작업; 농기구 또는 기구의 부품, 세부 또는 부속구 일반"
A01C,식부; 파종; 시비
A01D,수확; 예취
A01F,"탈곡(콤바인 A01D 41/00)；짚, 건초 또는 그와 유사한 것의 곤포；짚, 건초 또는 그와 유사한 것을 다발로 만들거나 묶기 위한 정치장치 또는 수동구；건초, 짚 또는 그와 유사하는 것의 절단；농업 수확물 또는 원예 수확물의 저장"
A01G,"원예; 채소, 화훼, 벼, 과수, 포도, 호프 또는 해초의 재배; 임업; 관수"
A01H,새로운 식물 또는 그것들을 얻기 위한 육종처리; 조직배양기술에 의한 식물의 증식
A01J,낙농 제품의 제조
A01K,축산; 조류 사육; 양봉; 어류 사육; 어업; 달리 분류되지 않는 동물의 사육 또는 번식; 새로운 동물
A01L,동물의 장제
A01M,"동물의 포획, 덫을 놓아 잡기 또는 몰기"
A01N,인간이나 동물의 신체 또는 식물 또는 그 일부의 보존
A01P,"화합물 또는 조성물의 살생물, 유해 생물 기피, 유해 생물 유인 또는 식물 생장 조절 활성"
A21B,제빵용 오븐(Oven); 제빵용 기계 또는 장치
A21C,가루반죽 제조와 가공용 기계 및 설비; 가루반죽으로 제 조된 빵류의 취급
A21D,제빵용 곡분 또는 반죽의 처리; 제빵; 빵류; 그것들의 저장
A22B,도살
A22C,"식육, 가금 또는 어류의 가공"
A23B,"식육, 어류, 난류, 과일, 채소, 식용종자의 보존"
A23C,유제품
A23D,식용유지
A23F,커피/차
A23G,코코아
A23J,식품용 단백질 조성물
A23K,동물을 위해 적합한 먹이
A23L,"A21D 또는 A23B로부터 A23J까지; 포함 되지 않는 식품, 식료품, 또는 비알콜성음료; 그 조제 또는 처리"
A23N,"달리 분류되지 않는 수확된 과일, 채소 또는 꽃의 구근을 대량으로 처리하기 위한 기계 또는 장치; 채소 또는 과일의 껍질을 벗기기 위한 것; 사료를 제조하기 위한 장치"
A23P,다른 단일의 서브클래스에는 완전히 포함되지 않는 식료품의 성형 또는 가공
A24B,흡연 또는 씹는담배의 제조 또는 처리
A24C,엽권담배 또는 지권담배의 제조장치
A24D,엽권담배; 지권담배; 담배필터; 엽권담배 또는 지권담배의 마우스피스; 담배필터 또는 마우스피스의 제조
A24F,흡연자 용구; 성냥 상자; 가상 흡연
A41B,셔츠; 속옷; 유아용 린네르(LINEN) 제품; 손수건
A41C,코르셋
A41D,겉옷; 보호복
A41F,의복의 고정구;거는 기구
A41G,조화; 가발; 마스크(가면); 깃털
A41H,"달리 분류되지 않는 의류를 만들기 위한 기구 또는 방법, 예. 의복을 만들기 위한 것, 바느질을 위한 것"
A42B,모자
A42C,모자 제조
A43B,신발류 특징적 모습
A43C,신발용 조임구 또는 부속품
A43D,"기계, 도구 , 장치, 제조방법 또는 신발수선"
A44B,"단추, 핀, 버클, 슬라이드 조임구(Slide fastener) 또는 그와 유사한 것"
A44C,개인 장신구
A45B,보행용 지팡이
A45C,지갑；수화물；휴대
A45D,이미용 또는 면도기구; 매니큐어 또는 그 외의 화장
A45F,여행 또는 야영 설비；몸으로 메고 옮기는 등산용 륙색 또는 팩
A46B,브러시(brush)
A46D,브러시(brush)의 제법
A47B,테이블; 책상; 사무용 가구; 캐비넷; 장농; 가구의 일반적 세부
A47C,의자
A47D,아동용에 특히 적합한 가구
A47F,"상점, 창고, 술집, 요리집 또는 유사한 장소에서 쓰이는 특수한 가구, 비품 또는 부속품; 지불 카운터"
A47G,가정용구 또는 식탁용구
A47H,창문 또는 문의 부대설비
A47J,"주방 장비, 커피 분쇄기, 향신료 분쇄기, 음료를 만드는 장치"
A47K,달리 분류되지 않는 위생설비
A47L,가정의 세정 또는 청정
A61B,진단; 수술; 개인 식별
A61C,치과; 구강 또는 치과용 위생
A61D,"수의용 기구, 기계, 기구 또는 용법"
A61F,혈관에 이식할 수 있는 필터; 보철; 인체의 관상 구조를 개존 시키는 또는 붕괴를 방지하는 장치
A61G,"환자 또는 신체장애자에 특히 적합한 수송, 탈 것, 또는 설비；수술대 또는 의자；치과용 의자；장의 용구"
A61H,물리적인 치료 장치
A61J,의료 또는 제제 목적을 위해 특히 적합한 용기
A61K,"의약용, 치과용 또는 화장용 제제"
A61L,"재료 또는 물건을 살균하기 위한 방법 또는 장치 일반; 공기의 소독, 살균 또는 탈취; 붕대, 피복용품, 흡수성 패드 또는 수술용품의 화학적 사항; 붕대, 피복용품, 흡수성 패드, 또는 수술용 물품을 위한 재료"
A61M,인체 내부 또는 표면에 매체를 도입하기 위한 장치
A61N,전기치료; 자기치료; 방사선치료; 초음파치료
A61P,화합물 또는 의약품 제제의 특정한 치료효과
A61Q,화장품 또는 유사 화장품 제제의 특정한 용도
A62B,"A62B 인명구조용의 기구, 장치 또는 방법"
A62C,소방
A62D,소화를 위한 화학적 수단
A63B,"신체의 단련, 체조, 수영, 등반 또는 펜싱; 구기; 단련용구"
A63C,"스케이트; 스키; 롤러스케이트; 코트, 링크 또는 그와 유사한 것의 디자인 또는 레이아웃"
A63D,볼링게임
A63F,카드게임
A63G,회전기구
A63H,완구
A63J,극장
A63K,경주
A99Z,이 섹션 중에서 그 밖에 분류되지 않는 주제 사항
B01B,비등; 비등장치
B01D,분리
B01F,혼합
B01J,화학적 또는 물리적 방법
B01L,일반적으로 사용되는 화학 또는 물리 실험장치
B02B,제분을 위한 곡립의 전처리; 표면가공에 의한 입상과실을 상품으로 정제하는 것
B02C,"파쇄, 분쇄 또는 미분쇄일반; 곡립(알곡)의 분쇄"
B03B,액체에 의한 또는 풍력테이블 또는 지그에 의한 고체물질의 분리
B03C,고체물질 또는 유체로부터 고체물질의 자기 또는 정전기에 의한 분리; 고압 전계에 의한 분리
B03D,부유선별; 차별침강
B04B,원심분리기
B04C,자유와류를 이용한 장치
B05B,무화장치; 분무장치; 노즐
B05C,유동성 물질을 표면에 작용시키기 위한 장치일반
B05D,유동성 물질을 표면에 작용시키기 위한 공정일반
B06B,기계적 진동의 발생 또는 전달 일반
B07B,"망, 체, 스크린에 의하거나 기체류를 사용하는 고체상호의 분리; 입상물(bulk material)에 적용하는 건식에 의한 분리"
B07C,"우편에 관한 선별(postal sorting); 개개의 물품(articles) 분류, 피스밀(piecemeal)로 분리되기에 적합한 대량물(bulk material)"
B08B,청소일반; 오염방지일반
B09B,고체 폐기물의 처리
B09C,오염된 토양의 재생
B21B,금속의 압연
B21C,"압연 이외의 방법에 의한 금속판, 선, 봉, 관, 프로파일 의 제조 또는 기타 반제품; 본질적으로 재료를 제거하지 아니하는 금속가공과 관련해서 사용하는 보조조작"
B21D,"기본적으로 재료의 제거없이 금속판, 금속관, 금속봉 또는 금속외형(Profiles)의 가공 또는 공정; 펀칭(Punching)"
B21F,금속와이어(선재)의 가공 또는 공정
B21G,"바늘, 핀 또는 금속 못의 제조"
B21H,"전조, 롤러가공 또는 압연에 의한 특정의 금속대상물의 제조"
B21J,단조; 해머링(망치질); 금속 프레스; 리베팅; 단조로
B21K,"단조 또는 금속 프레스제품의 제조, 예. 말굽, 리벳, 볼트, 차륜("
B21L,금속 체인의 제조
B22C,주조용 주형 조형
B22D,금속의 주조; 동일방법과 장치에 의한 타물질의 주조
B22F,금속 분말의 가공; 금속분말로부터 물품의 제조
B23B,선삭; 보오링
B23C,밀링
B23D,평삭; 슬로팅; 전단; 브로우칭; 톱질; 줄질; 스크레이핑; 달리 분류되지 않는 재료를 제거하는 금속 가공을 위한 유사한 작업
B23F,치차 또는 랙의 제조
B23G,"나사산 절삭; 나사산 절삭과 관련된 나사, 볼트 또는 너트의 가공"
B23H,"공구의 전극을 사용, 공작물에 고밀도의 전류를 사용하는 것에 의해서 행해지는 금속 가공; 이와같은 가공과 다른 형식의 금속 가공을 복합한 것"
B23K,"납땜(Soldering) 또는 비납땜(Unsoldering); 용접; 납땜 또는 용접에 의하여 클래딩(clading) 또는 피복; 국부 가열에 의한 절단,"
B23P,달리 분류되지 않는 금속 가공; 복합 작업; 만능 공작 기계
B23Q,"공작 기계의 세부, 구성부분, 또는 부속 장치,"
B24B,"연삭 또는 연마하기 위한 기계, 장치 또는 공정"
B24C,연마제(ABRASIVE) 또는 입상 물질(PARTICULATE MATERIAL)의 분사(BLASTING)
B24D,"그라인딩(grinding), 버핑(buffing) 또는 날연삭 (sharpening)용 공"
B25B,"달리 분류되지 않는 공구 또는 작업대 장치, 고착구, 연결구, 해체구 또는 고정구"
B25C,휴대 가능한 못박기 공구 또는 스테이플러; 휴대 가능한 수동식 스테이플러
B25D,충격 공구
B25F,달리 분류되지 않는 조합 공구 또는 다목적 공구; 작업에 특별히 관련되어 달리 분류되지 않는 휴대용 동력 구동 공구의 세부 또는 요소
B25G,수공구용 자루
B25H,공장 설비
B25J,메니플레이터(manipulater); 메니플레이터 장치를 갖는 실(室)
B26B,그 밖에 분류되지 않는 휴대용 절단 공구
B26D,"절단; 구멍뚫기, 펀칭, 잘라내기, 형빼기 또는 절삭을 위한 기계에 공통된 세부"
B26F,구멍 뚫기; 펀칭; 잘라 빼기; 형 뽑기; 절단 커팅(CUTTING)을 제외한 수단에 의한 절단(SEVERING)
B27B,목재 또는 유사 재료를 위한 톱 ; 그것을 위한 구성품 또는 부속품
B27C,"대패질, 송곳질(Drilling), 제분, 선삭, 또는 목재 또는 그와 유사한 재료용 만능 가공기계"
B27D,단판 또는 합판의 가공
B27F,도브테일(Dovetail)가공; 장부(tenons)절단기; 목재 또는 그와 유사한 재료용 홈(Slot) 가공기; 못박기 또는 스테플링 기계
B27G,목공 또는 유사한 재료를 위한 부속 기계 또는 장치; 목공 또는 유사 재료를 위한 것
B27H,목재 또는 유사 재료를 구부림; 통장이일(Cooperage); 목재 또는 유사물을 이용한 바퀴 제작
B27J,"대나무, 등나무, 코르크 또는 유사 재료의 기계적 가공"
B27K,"목재를 주입, 착색, 염색, 표백하거나, 목재 및 그와 유사 재료를 침투액으로 처리하는 방법, 장치 또는 물질의 선택; 코르크, 등나무, 갈대, 볏짚 또는 유사 재료의 화학적 또는 물리적 처리"
B27L,수피 또는 기적(vestiges of branches)의 제거
B27M,서브클래스 B27B로부터 B27L로 분류되지 않는 목재의 가공; 특정 목제품의 제조
B27N,"목재 또는 타의 리그노셀룰로이즈 또는 유사 유기재료로 이루어지는 입자 또는 섬유에서 형성되는 물품의, 유기 결합재를 갖거나 갖지 않는, 드라이 프로세스에 의한 제조"
B28B,점토 또는 다른 세라믹 조성물; 쉐이핑 슬래그; 시멘트질 물질을 포함하는 성형 혼합물
B28C,점토의 제법; 점토 또는 시멘트 유사물
B28D,석재 또는 석재 유사 재료의 가공
B29B,성형 재료의 준비 또는 전처리; 조립 또는 예비 성형품의 제조; 플라스틱을 함유하는 폐기물로부터 플라스틱 또는 다른 구성 성분의 회수
B29C,플라스틱의 성형 또는 접합; 소성 상태에 있는 물질의 성형으로서 달리 분류되지 않는 것; 성형품의 후처리
B29D,플라스틱 또는 가소성 상태에 있는 물질로부터 특정 성형품의 제조
B29K,"서브클라스 B29B, C 또는 B29D에 관련되는 성형재, 보강재, 충진재 또는 미리 성형된 부품, 예 삽입물에 관한 인덱싱 계열"
B29L,서브클래스 B29C에 관련되는 특정물품에 관한 인덱싱 계열
B30B,프레스 일반；그 밖에 분류되지 않는 프레스
B31B,"종이, 판지 또는 종이와 유사한 방식으로 처리되는 물질을 이용한 용기의 제조"
B31C,"종이, 판지 또는 종이와 유사한 방식으로 가공되는 재료로부터 권취 제품의 제"
B31D,"서브클래스 B31B 또는 B31C에서 제공하지 않는 종이, 판지 또는 종이와 같은 방식으로 가공되는 재료의 제품을 제조"
B31F,"종이, 판지 또는 종이와 같은 방식으로 가공되는 재료의 기계적 가공 또는 변형"
B32B,"적층체, 즉 평평하거나 평평하지 않은 형상"
B33Y,첨삭가공
B41B,활자의 제조
B41C,인쇄 판면의 제작 또는 복제 방법
B41D,연판 인쇄를 하기 위한 인쇄 판면의 기계적 복제 장치; 인쇄 판면을 작성하기 위한 탄성 재료 또는 가소성 재료의 성형
B41F,인쇄기 또는 프레스
B41G,"금분 인쇄, 괘선 인쇄 또는 가장자리 부분에 테를 두르기 위한 장치; 인쇄와 관련하여 구멍 뚫기 위한 부속 장치"
B41J,특수문자를 위한 것
B41K,압인; 압인 장치 또는 번호 인자 장치
B41L,"사무 또는 다른 상업용의 복사 장치, 전사 장치 또는 인쇄 장치; 수신자 인쇄기 또는 그것과 유사한 인쇄기"
B41M,"인쇄, 복제, 마킹 또는 복사 방법; 컬러 인쇄"
B41N,인쇄판 또는 포일(Foil)
B42B,"용지, 첩 또는 절첩을 서로 영구적으로 합철하는 일 또는 그러한 물건을 영구적으로 합철하는 일"
B42C,제본
B42D,책 인쇄 기술
B42F,일반적으로 함께 부착된 시트; 철하는 용구; 화일 카드
B43K,필기용 또는 제도용 기구
B43L,필기용구 또는 제도 용구; 필기 또는 제도의 부속구
B43M,달리 분류되지 않는 책상 부속구
B44B,"미술 작업을 위한 공구, 장치, 기계, 예.조형, 무늬 장식, 조각, 소인 또는 인레이(Inlaying)"
B44C,장식 효과의 창작
B44D,달리 분류되지 않은 도장 또는 그림; 그림의 보존; 특수한 미술적 표면 효과 또는 표면 끝마무리를 위한 표면 처리
B44F,특수 디자인 또는 그림
B60B,차륜; 캐스터(castor
B60C,차량용 타이어; 타이어의 팽창; 타이어의 교환; 팽창가능한 탄성체에 밸브의 부착 일반; 타이어에 관한 장치 또는 부품
B60D,차량 연결기 기술
B60F,레일 차량 서스펜션
B60G,차체현가장치
B60H,"특히 차량의 객실 또는 화물실의 난방, 냉방, 환기 또는 다른 공기처리수단에 관한 장치"
B60J,"차량의 창, 방풍 유리, 비고정식의 지붕, 문 또는 동류의 장치； 차량에 특별히 적합하게 분리가능한 외부 보호 커버"
B60K,차량의 추진 기관 또는 변속기
B60L,전기 추진차량의 추진
B60M,전기적 추진차량을 위한 전력공급선 또는 레일에 따른 장치
B60N,차량에 특히 적합한 좌석; 달리 분류되지 않는 승객설비
B60P,"하물이송에 적합한 차량 또는 특수하물 또는 특수목적물을 이송, 운반 또는 반입하는 데 적합한 차량"
B60Q,"차량의 일반적인 신호 또는 조명장치의 배치, 그것의 또는 그것을 위한 회로의 장착 또는 지지"
B60R,"달리 분류되지 않는 차량, 차량 부속구 또는 차량부품"
B60S,"달리 분류되지 않는 차량의 손질, 세척, 수리, 지지, 들어 올림 또는 이동"
B60T,차량용 제동제어방식 또는 그 부품； 제동 제어 방식 또는 그 부품 일반
B60V,공기쿠션차량
B60W,"다른 종류 또는 다른 기능의 차량용 부품의 관련 제어； 하이브리드 차량에 특별히 적합한 제어 시스템； 특정의 단일의 부품의 제어에 관한 것은 아닌, 특정의 목적을 위한 도로상의 차량의 운전 제어 시스템"
B61B,철도 방식; 달리 분류되지 않는 설비
B61C,기관차; 동력차
B61D,철도 차량의 종류와 차체 세부
B61F,철도 차량 현가 장치
B61G,철도차량에 특별히 적용되는 연결기; 철도차량에 특별히 적용되는 인장 또는 완충 장치
B61H,철도 차량에 특별히 적용된 브레이크 또는 기타 보상 장치; 철도 차량에서의 배치 또는 배치
B61J,차량을 이동하는 것 또는 교환하는 것
B61K,철도를 위한 특별히 적용된 보조 장치; 달리 분류되지 않는 것
B61L,철도 교통의 안내; 철도 교통의 보안
B62B,"수동 추진 차량,"
B62C,동물 견인 운반차
B62D,자동차; 트레일러(Trailers) 
B62H,자전차 스탠드; 자동차의 주차 또는 저장을 위한 지지 또는 유지구; 자전차의 불허가 사용 또는 도난을 방지하거나 표시하는 기구; 자전차 자물쇠; 자전차 연습 장치
B62J,자전거용 안장 또는 시트; 자전거에 특별히 적합한 부가적인 장치 또는 부속품 및 달리 분류되지 않는 것
B62K,"자전차; 자전차 프레임; 자전차 조향 장치; 특히 자전차용에 적용된 운전자 조작 제어장치; 차축 현가 장치(axle suspension), 사이드 카아, 전방에 연결하는 차체, 그 밖에 이것과 유사한 것"
B62L,자전차용 제동장치
B62M,차륜이 부착된 차량 또는 썰매의 인력 추진; 썰매 또는 사이클의 동력 추진; 그와 같은 차량에 특히 적합한 동력전달장치
B63B,선박 또는 그 밖의 물에 뜨는 구조물; 선적을 위한 장치
B63C,"선박의 진수, 견인에 의한 운반, 드라이 독크(dry- docking)에의 입출; 수난구조; 수중에서의 생존 또는 탐색용의 장치; 수중물의 인상 또는 탐색용의 장치"
B63G,선박용의 공격 또는 방어용 설비
B63H,선박의 추진 또는 조타
B63J,선박용 보조장치
B64B,경항공기(
B64C,비행기; 헬리콥터
B64D,항공기의 장비; 비행복; 패러슈트(parachute 낙하산); 항공기 내의 동력 장치 또는 추진 전달 기구의 설비 또는 장치
B64F,"항공기와 연관된 사용에 특히 적합한 지상 또는 항공 모함 갑판 설비; 다른곳에 분류되지 않는 설계, 제조, 조립, 청소, 유지 또는 항공기 수리; 다른 곳에 분류되지 않는 항공기 부품의 취급, 이송, 테스팅 또는 검사"
B64G,우주비행; 우주 항공체 또는 그 장비(
B65B,"물품 또는 재료를 포장하기 위한 기계, 기구, 장치 또는 방법; 포장 해체"
B65C,"라벨 부착 또는 태그(tag)부착용 기계, 장치 또는 과정"
B65D,물품 또는 재료의 보관 또는 수송용의 용기
B65F,가정의 쓰레기 또는 그것에 유사한 쓰레기의 수집 또는 이송
B65G,운반 또는 저장 장치
B65H,박판상 또는 선조재료
B66B,엘리베이터; 에스컬레이터 또는 이동 보도
B66C,"클레인; 크레인, 캡스탄, 윈치(winches) 또는 태클(tackles)용 하물 계합 요소 또는 장"
B66D,캡스탄(capstans); 윈치(winches); 태클(tackles)
B66F,"달리 분류되지 않는 감아올리기, 들어올리기 또는 견인 또는 압진"
B67B,"병, 단지 또는 이것과 유사한 용기의 밀폐 부재의 장착; 밀폐용기의 개봉"
B67C,"달리 분류되지 않는 병, 단지, 캔, 통 또는 유사한 용기의 액체 또는 반 액체의 충전, 비움(Emptyin6g); 깔대기"
B67D,"달리 분류되지 않는 액체의 분배, 방출 또는 이송"
B68B,마구; 그것에 관련하여 사용하는 기구; 말채찍 또는 그와 유사한 것
B68C,말의 안장; 등자
B68F,"피혁(Leather), 범포(canvas) 또는 그 유사품으로부터의 물품의 제조"
B68G,충전물
B81B,마이크로 구조 장치 또는 시스템
B81C,마이크로 구조적 장치 또는 시스템의 제조 또는 처리에 특히 적합한 방법 또는 장치
B82B,"개별단위로서의 분자, 원자들의 제한된 집합 또는 개별 원자, 분자의 조작에 의해 형성된 나노구조; 그의 취급 또는 제조"
B82Y,나노 구조의 응용 또는 특정한 사용;  나노 구조의 분석 또는 측정;  나노 구조의 처리 또는 제조
B99Z,이 섹션 중에서 그 밖에 분류되지 않는 주제 사항
C01B,비금속 원소; 그 화합물
C01C,암모니아; 시안; 이들의 화합물
C01D,"알칼리 금속의 화합물, 즉. 리튬, 나트륨, 칼륨, 루비듐, 세슘, 또는 프란슘"
C01F,"금속 베릴륨, 마그네슘, 알루미늄, 칼슘, 스트론튬, 바륨, 라듐, 토륨, 또는 희토류 금속의 화합물"
C01G,서브클래스 C01D 또는 C01F에 의해 포함되지 않는 금속을 포함하는 화합물
C02F,"물, 폐수, 하수 또는 오니(슬러지)의 처리"
C03B,"제조, 성형 또는 보조공정"
C03C,"유리, 유약(glazes) 또는 유리질 법랑(Vitreous enamels)의 화학적 조성; 유리의 표면 처리; 유리, 광물 또는 슬래그로부터 제조된 섬유 또는 필라멘트의 표면 처리; 유리와 유리 또는 타물질과의 접착"
C04B,"석회; 마그네시아; 슬래그; 시멘트; 그 조성물, 예. 모르타르, 콘크리트 또는 유사한 건축재료; 인조석; 세라믹"
C05B,인산 비료
C05C,질소 비료
C05D,"서브클래스 C05B, C05C 에 분류되지 않는 무기질 비료"
C05F,"서브클래스 C05B, C 에 분류되지 않는 유기질 비료,"
C05G,각각이 C05 중의 상이한 서브클래스에 포함되는 비료의 혼합물; 하나 또는 그 이상의 비료와 특히 비료 활성을 갖지 않는 첨가제와의 혼합물
C06B,화약 또는 발열성 조성물
C06C,기폭 장치 또는 점화 장치; 자연 발화제; 화학적 점화구; 도화선
C06D,연기 또는 안개의 발생 용구; 가스탄 조성물; 폭파 또는 추진용 가스의 발생 
C06F,성냥; 성냥의 제조
C07B,유기 화학의 일반적 방법; 장치
C07C,비환 화합물 또는 탄소환 화합물
C07D,이종원자 고리 화합물
C07F,"탄소, 수소, 할로겐, 산소, 질소, 황, 셀레늄 또는 텔루르 이외의 원소를 함유하는 비환식, 탄소 고리 또는 이종원자 고리 화합물"
C07G,구조불명의 화합물
C07H,당류; 그 유도체; 뉴클레오시드; 뉴클레오티드; 핵산
C07J,스테로이드(
C07K,펩티드 (Peptides)
C07M,유기화합물의 특정 성질에 관한 C07B ∼ C07K에 관련된 인덱싱 계열
C08B,다당류; 그 유도체
C08C,고무의 처리 및 화학적 변성
C08F,탄소-탄소 불포화 결합만이 관여하는 반응으로 얻어지는 고분자 화합물
C08G,탄소-탄소 불포화 결합만이 관여하는 반응 이외의 반응으로 얻는 고분자 화합물
C08H,천연 고분자 화합물의 유도체
C08J,마무리; 일반적 혼합 방법;
C08K,무기 또는 비고분자 유기 물질의 배합 성분으로서의 사용
C08L,고분자 화합물의 조성물
C09B,유기 염료 또는 염료 제조에 밀접한 관련이 있는 화합물; 매염제; 레이크
C09C,안료성 또는 충전제 성질을 개량하기 위한 섬유성 충전제 이외의 무기물질의 처리
C09D,"피복 조성물, 예. 페인트, 바니시 또는 락카; 충전용 반죽; 페인트 또는 잉크 제거제; 잉크; 수정액; 목재 물감(WOODSTAINS); 그 물질의 사용"
C09F,천연수지; 프랑스 니스(FRENCH POLISH); 건성유(DRYING-OILS); 드라이어(건조제(SICCATIVES)); 테레빈(송진(TURPENTINE)
C09G,광택제(POLISHING) 조성물 
C09H,아교(GLUE) 또는 젤라틴(GELATINE)의 제조
C09J,접착제; 일반적인 접착 방법(비기계적 요소); 달리 분류되지 않는 접착 방법; 물질의 접착제로서의 사용
C09K,그 밖에 분류되지 않는 응용되는 물질； 그 밖에 분류되지 않는 물질의 응용
C10B,"가스, 코크스, 타르 및 이들의 유사물을 제조하기 위한 탄소 물질의 분해 건류"
C10C,"타르, 피치, 아스팔트, 역청(Bitumen)의 처리; 목초산"
C10F,이탄의 건조 또는 처리
C10G,탄화수소유의 분해 증류; 액체 탄화수소 혼합물의 제조
C10H,습식법에 의한 아세틸렌의 제조
C10J,"산소 또는 증기를 수반하는 부분 산화법에 의해, 고체 탄소질 물질로부터 일산화탄소와 수소를 포함하는 가스의 제조"
C10K,일산화탄소 함유 가연성 기체의 정제 또는 화학 조성의 변성
C10L,달리 분류되지 않는 연료; 천연가스; 서브클래스 C10G 또는 C10K에 의하여 분류되지 않는 방법으로 얻어지는 천연 가스; 액체 석유 가스; 연료 또는 화염의 첨가제 사용; 화염 착화제
C10M,윤활 조성물
C10N,C10M로 변경 필요
C11B,"지방, 지방성 물질 (예. 라놀린), 지방유 또는 왁스의 제조 (압착, 유출), 정제 또는 보존 및 그 폐기물로부터의 추출; 정유; 향료"
C11C,"지방, 지방유 또는 왁스로부터의 지방산; 양초; 지방, 지방유 또는 지방산의 화학적 변성에 의한 지방, 지방유 또는 지방산"
C11D,세정성 조성물; 세정제로서 단일 물질의 사용; 비누 또는 비누 제조; 수지 비누; 글리세롤의 회수
C12C,맥주; 발효에 의한 맥주의 제조
C12F,발효 용액의 부산물 회수
C12G,포도주; 그의 제조; 알코올성 음료
C12H,"알코올 음료의 저온살균, 살균, 보존, 정제, 청정 또는 숙성; 발효액 또는 알코올 음료의 알코올 함량을 바꾸기 위한 방법"
C12J,식초; 그것의 제조 또는 정제
C12L,원료의 투입 또는 회수하는 장치; 저장실 도구류
C12M,효소학 또는 미생물학을 위한 장치
C12N,"미생물 또는 효소; 그 조성물; 미생물의 증식, 보존 또는 유지; 돌연변이 또는 유전 공학; 배양 배지 "
C12P,발효 또는 효소를 사용하여 원하는 화학물질 또는 조성물을 합성하는 방법 또는 혼합물로부터 광학이성체를 분리하는 방법
C12Q,"효소, 핵산 또는 미생물을 포함하는 측정 또는 시험방법 "
C12R,미생물과 관련된 서브클래스
C12S,C12M로 변경 필요
C13B,자당의 생산; 그에 특히 적합한 장치
C13C,C13B로 변경
C13D,C13B로 변경
C13F,C13B로 변경
C13G,C13B로 변경
C13H,C13B로 변경
C13J,C13B로 변경
C13K,"자연원으로부터 또는 자연적으로 발생하는 이당류, 올리고당류, 다당류의 가수분해에 의해 얻어진 당류"
C14B,"원피, 나피 또는 피혁의 기계적 처리 및 가공 일반"
C14C,"화학 물질, 효소 또는 미생물로써 피부, 가죽(HIDES OR LEATHER)을 처리하는 것"
C21B,철 또는 강의 제조
C21C,"선철의 처리, 예. 정제, 연철 또는 강의 제조; 철계합금의 용융상태에서의 처리"
C21D,"철계 금속의 물리적 구조의 개량; 철계 또는 비철계금속 또는 합금의 열처리를 위한 일반적 장치; 금속의 가단화, 예. 탈탄 또는 소려에 의한 것"
C22B,금속의 제조 또는 정제
C22C,합금
C22F,비철금속 또는 비철합금의 물리적 구조의 변화
C22K,"인덱싱개요는 서브클라스 C21D, C22C 또는 C22F중에 합금의 물리적특성 변화에 관한 것 "
C23C,"코팅 금속물질; 금속물질을 포함하는 피복재료; 표면확산, 화학적 전환 또는 치환에 의한 금속 재료의 표면 처리; 진공증착, 스퍼터링, 이온 주입 또는 화학증착법에 코팅 일반"
C23D,금속의 법랑피복 또는 유리질 피막의 형성
C23F,기계적 방법에 의하지 않는 표면에서 금속재료의 제거
C23G,전해법 이외의 화학적방법에 의한 금속재료의 청정 또는 탈지
C25B,화합물 또는 비금속의 제조를 위한 전기분해 또는 전기영동 방법; 그것을 위한 장치
C25C,"금속의 전해제조, 회수 또는 정련방법; 그것을 위한 장치"
C25D,전기분해 또는 전기영동에 의한 피복방법; 전기주조
C25F,전기분해에 의한 재료의 제거방법; 그것을 위한 장치
C30B,단결정성장
C40B,조합된 화학；라이브러리
C99Z,이 섹션 중에서 그 밖에 분류되지 않는 주제 사항
D01B,섬유 또는 필라멘트를 채취하기 위한 천연의 섬유상 또는 필라멘트상 물질의 기계적 처리
D01C,방적용 섬유나 필라멘트를 채취하기 위한 천연의 섬유상 또는 필라멘트상 물질의 화학적 처리; 동물섬유 재생을 위한 넝마털 부스러기의 탄화
D01D,"인조필라멘트, 가연사, 섬유, 강모, 또는 리본의 제조에 있어서 기계적인 방법 또는 장치"
D01F,"인조필라멘트, 사, 섬유, 강모, 또는 리본의 제조에 있어서 화학적 특징을 가지는 것; 탄소 필라멘트 제조에 특히 적합한 장치"
D01G,섬유의 예비처리
D01H,방적 또는 연사
D02G,"섬유, 필라멘트, 가연사 또는 사의 권축처리; 사 또는 가연사"
D02H,"정경, 빔 권취 또는 리싱(leasing)"
D02J,"필라멘트, 사, 가연사, 끈, 로프 또는 이들의 유사물의 끝마무리 또는 가공"
D03C,개구기구; 문직 또는 문직용 체인; 문지의 펀칭(punching); 모양의 설계
D03D,직물; 제직방법; 직기
D03J,제직 보조 장치; 제직용의 용구; 북(shuttles)
D04B,메리야스편성
D04C,보빈네트(bobbin-net) 또는 탄화레이스를 포함한 레이스의 끈꼬기 또는 제조; 끈꼬는 기계
D04D,"장식품; 달리 분류되지 아니하는 리본, 테이프 또는 밴드 "
D04G,필라멘트상 재료의 매듭 장식에 의한 제망; 매듭 장식 양탄자(knotted carpet) 또는 타페스트리(tapestries)의 제조; 달리 분류되지 아니하는 매듭 장식
D04H,"직물(textile fabrics)의 제조, 예. 섬유 또는 필라멘트상 재요로부터"
D05B,봉제
D05C,자수
D06B,"섬유 재료의 액체, 기체 또는 증기에 의한 처리 "
D06C,"섬유 원단의 피니싱, 드레싱, 텐터링 또는 스트레칭"
D06F,"섬유제품의 세탁, 건조, 다림질, 프레스 또는 절첩"
D06G,"카펫, 러그, 마대, 가죽 또는 기타 피혁 또는 섬유 제품 또는 원단의 기계식 또는 압력식 청정; 가요성의 튜브 또는 기타 중공물질의 안팎 뒤집기"
D06H,"섬유 재료의 마킹, 검사 또는 시밍"
D06J,"섬유 원단 또는 의류의 주름가공, 주름잡기 또는 주름장식"
D06L,"섬유, 가연사, 사, 직물, 우모 또는 인조 섬유 제품의 표백"
D06M,"클래스 D06에서 제공되지 않는 섬유, 가연사, 사, 직물, 우모 또는 이와같은 재료로부터 제조된 섬유제품의 처리"
D06N,"벽, 바닥 또는 피복재료, 예. 리놀륨, 유포(Oilcloth), 인조피혁, 루핑펠트(Roofing felt), 고분자 물질층으로 피복된 섬유 웹; 다른 곳에서 제공되지 않는 유연 시트 재료"
D06P,"섬유제품의 염색 또는 날염; 피혁, 모피 또는 여러가지 형태의 고체상 고분자 물질의 염색"
D06Q,섬유제품의 장식
D07B,로프 또는 케이블 일반
D21B,섬유원료 또는 그의 기계적 처리
D21C,셀룰로스함유 재료로부터 비셀룰로스물질을 제거하는 것에 의한 셀룰로스의 제조; 펄프 화약액 (pulping liquor)의 재생; 이를 위한 장치
D21D,초지기에 보내기 전에 행하는 증해된 지료의 처리[5]
D21F,초지기; 이에 의한 종이의 제조방법
D21G,캘린더(calendar); 초지기의 부속품
D21H,펄프 조성물
D21J,섬유판; 셀룰로스성 섬유의 현탁액 또는 혼응지로부터 물품의 제조
D99Z,이 섹션 중에서 그 밖에 분류되지 않는 주제 사항
E01B,궤도; 궤도용 공구; 모든 종류의 철도건설용 기계
E01C,"도로, 경기장 또는 그와 유사한 것의 건설 또는 그 표면의 시공; 건설 및 보수용 기계 또는 보조 공구"
E01D,교량
E01F,"도로의 부대설비(附帶設備)의 설치 또는 플랫폼, 헬리콥터의 착륙대(着陸臺), 표시(標示), 방설책(防雪柵) 또는 이와 유사한 것의 건설과 같은 부대작업(附帶作業)"
E01H,가로(街路)의 청소; 궤도(軌度)의 청소; 해안(海岸)의 청소; 지면(地面)의 청소; 안개의 소산(消散) 일반
E02B,수공(水工)
E02C,선박의 리프트 장치 및 기구
E02D,기초(基礎); 굴착(掘鑿); 축제(築堤)
E02F,굴착(掘鑿); 토사(土砂)의 이송
E03B,"취수(取水), 집수(集水), 또는 배수(配水) 설비 또는 그 방법"
E03C,상수(上水) 또는 폐수(廢水)용의 가정용 배관 설비
E03D,수세변소(水洗便所) 또는 세정(洗淨) 장치를 갖는 소변소(小便所); 그를 위한 세정(洗淨) 밸브
E03F,하수(下水); 오수(汚水) 구덩이
E04B,"건축구조일반; 벽, 예. 칸막이벽; 지붕; 바닥; 천정(天井); 건축물의 절연(絶緣) 또는 기타 보호"
E04C,구조요소; 건축 재료
E04D,지붕 잇기; 천창(天窓); 물받이 홈통; 지붕 공사용 공구(
E04F,건축물의 마무리
E04G,"비계(飛階); 거푸집; 거푸집 널; 건축용 기구 또는 보조구 또는 그것들의 사용; 현장에 있어서의 건축 재료의 취급; 현존하는 건축물의 보수, 해체 또는 기타 작업"
E04H,특정 목적의 건축물 또는 유사한 구축물(構築物); 수영(水泳) 또는 물놀이용 수조(水槽) 또는 풀(pool); 마스트(mast); 울타리; 텐트 또는 차양 일반
E05B,자물쇠; 자물쇠를 위한 부속품; 수갑
E05C,윙 특히 도어 또는 창문용의 볼트 고정 장치
E05D,"도어, 창 또는 윙용 힌지(Hinge) 및 지지 장치"
E05F,윙을 개폐(開閉)하는 수단; 윙용(用) 체크(Check); 타류에 속하지 않고 윙의 기능에 관계되는 윙의 부품
E05G,금고(金庫) 또는 귀중품 보관실(保管室); 은행(銀行) 방호(防護) 장치; 보안(保安) 격벽(隔璧) 
E06B,"건축물, 승용물(乘用物), 펜스 또는 유사한 울타리에 있어서 개구부를 위한 고정(固定) 또는 가동(可動) 폐쇄 부재 일반"
E06C,사다리
E21B,지중 또는 암석의 굴착
E21C,채광(採鑛) 또는 채석
E21D,수직갱(垂直坑); 터널; 갱도(坑道); 대형 지하실
E21F,"갱도(坑道) 또는 터널내의 또는 그것들의, 안전장치, 운반, 충전(充塡), 구호(救護), 통풍(通風) 또는 배수(排水)"
E99Z,이 섹션에서 그 밖에 분류되지 않는 주제 사항
F01B,"기계 또는 기관, 일반 또는 용적형의 것"
F01C,회전피스톤식 또는 요동피스톤식 기계 또는 기관
F01D,비용적형의 기계 또는 기관
F01K,증기기관설비; 증기어큐뮬레이터(accumulator); 달리 분류되지 않는 기관설비; 특수한 작동유체 또는 사이클을 사용한 기관
F01L,주기적으로 작동하는 기계 또는 기관용 밸브
F01M,기계 또는 기관의 윤활일반
F01N,기계 또는 기관을 위한 가스유 소음기 또는 배기장치 일반; 내연기관용 관한 것
F01P,기계 또는 기관의 냉각일반; 내연기관의 냉각
F02B,내연식 피스톤기관; 연소기관 일반
F02C,가스터빈 설비；제트 추진 설비를 위한 공기의 도입；공기 흡입 제트 추진 설비에 있어서의 연료 공급 제어
F02D,연소 기관의 제어
F02F,"연소기관의 실린더, 피스톤 또는 케이싱; 연소기관의 밀봉장치의 구성"
F02G,열가스 또는 연소생성 용적형 기관설비
F02K,제트추진장비
F02M,일반 연소기관에의 가연혼합물 또는 그의 성분의 공급
F02N,"연소 엔진의 시동; 그러한 엔진에 대한 시동 보조제, 달리 제공되지 않는 것"
F02P,내연기관의 점화에서 압축 점화 이외의 것; 압축 점화 기관의 점화시기의 시험
F03B,액체용 기계 또는 기관
F03C,액체에 의해 구동되는 용적형기관
F03D,풍력원동기
F03G,"스프링, 동력, 관성 또는 비슷한 원동기; 기계적 동력을 발생하는 장치 또는 기구로서, 타류에 속하지 않는 또는 타류에 속하지 않는 에너지원을 사용하는 것"
F03H,반동추진력을 발생시키는 것으로서 타류에 속하지 않는 것
F04B,액체용 용적형 기계; 펌프
F04C,"액체용 회전피스톤 또는 요동피스톤, 용적형 기계"
F04D,비용적형 펌프
F04F,타의 유체와의 직접접촉에 의하여 또는 펌핑되는 유체의 관성력을 이용하여 유체를 펌핑하는 것
F15B,유체수단에 의하여 작동하는 계 일반; 유체압 액튜에이터
F15C,주로 계산(computing) 또는 제어(control) 목적에 쓰이는 유체회로소자
F15D,"유체역학, 즉 기체 또는 액체의 흐름에 영향을 주기 위한 방법 또는 수단"
F16B,"구조부재 또는 기계부품끼리를 죄거나 고정하기 위한 장치,"
F16C,"축; 휨축; 신축성 있는 덮개에서 움직임을 전동하기 위한 기계적 수단; 크랭크축 기구의 요소; 중심축; 추축 연결; 전동장치, 연결장치, 클러치 또는 제동장치 요소 이외의 회전체 요소; 베어링"
F16D,회전운동의 전달을 위한 커플링(coupling
F16F,스프링; 완충장치; 진동감쇠 수단
F16G,케이블 또는 로프를 서로 또는 다른 것에 결착하기 위한 수단
F16H,전동장치(Gearing)
F16J,피스톤; 실린더; 압력용기 일반; 밀봉장치
F16K,밸브; 탭(Tap); 콕(Cock); 작동하는 플로트(float); 배기 또는 흡기장치
F16L,"관; 관의 이음 또는 부속품; 관, 케이블 또는 보호관류의 지지; 일반적인 열절연(THERMAL INSULATION) 방법"
F16M,"엔진, 기계 또는 장치에서의 프레임, 케이싱(casing) 또는 베드(beds)로서; 다른 곳에 속하는 엔진(engine), 기계 또는 장치에 특유하지 않은; 스탠드 또는 지지체"
F16N,윤활
F16P,안전장치 일반
F16S,구조용 요소 일반; 이 요소로 조립된 구조물 일반
F16T,증기트랩(steam trap) 또는 기체 또는 증기를 강제로 수용하는 밀폐체로부터 액체를 배출하는 유사한 장치
F17B,용량의 변화가 가능한 가스 탱크(gas tank
F17C,"압축, 액화 또는 고화(固化)가스의 수용 또는 저장용 용기; 일정용량의 가스탱크; 압축, 액화 또는 고화가스의 용기에의 충전 또는 용기로부터의 방출"
F17D,관로계; 관로
F21H,백열 맨틀(mantle); 연소로 가열되는 다른 백열 자연체
F21K,발광체를 이용하는 비-전기 광원; 전계화학발광을 사용하는 광원; 인화성 물질의 충진을 이용한 광원; 광 생성 요소로서 반도체 장치를 사용하는 광원; 달리 제공되지 않는 광원
F21L,휴대용 또는 특별히 운반에 적합하도록 구성된 조명장치 또는 시스템
F21M,F21S 로 이동
F21P,F21S 로 이동
F21Q,F21S 로 이동
F21S,비휴대용 조명장치; 그 시스템; 자동차 외형에 특별히 적합한 자동차 등기구
F21V,"조명장치 또는 그 시스템의 기능적 특징 또는 그 세부. 달리 분류되지 않는, 다른 물체와 조명장치의 구조적 결합"
F21W,"조명장치 또는 조명시스템의 사용 및 적용과 관계된 서브클래스 F21L,F21S 그리고 F21V와 관련한 인덱싱 체계"
F21Y,"광원의 형태와 관계된, 서브클래스"
F22B,증기발생법; 증기보일러
F22D,"예열, 또는 예열되어, 증기 발생기에 공급되는 물의 축적; 증기발생기로의 물의 공급; 증기 발생기의 수위 제어; 증기 보일러내에서 물의 순환를 증진하기 위한 보조 장치"
F22G,증기의 과열
F23B,고체연료만을 사용하는 연소 방법 또는 장치
F23C,유체 연료(FLUID FUEL) 또는 공기중에 현탁된 고체 연료를 이용한 연소 방법 또는 장치
F23D,버너
F23G,화장로(Cremation Furnaces); 연소에 의해 폐기물 또는 저등급 연료를 소각하는 것
F23H,화격자의 청소 또는 갈퀴질(ranking)
F23J,연소생성물 또는 연소잔재의 제거 또는 처리
F23K,연소장치에로의 연료의 공급
F23L,일반적인 연소 장치에 공기나 불연성 액체 또는 가스를 공급하는 것; 연소 장치내 기류 또는 공기 공급의 조절에 특히 적합한 밸브 또는 댐퍼; 연소 장치에 기류를 유도하는 것; 환기축 또는 굴뚝을 위한 윗부분; 연통을 위한 선단
F23M,달리 분류되지 않는 연소실의 구조상의 세부
F23N,연소의 조정 또는 제어
F23Q,점화
F23R,고압 또는 고속의 연소생성물의 생성
F24B,고체연료 사용의 가정용 스토브(stove) 또는 레인지(Range)
F24C,가정용 스토브 또는 레인지
F24D,가정용 또는 구역 난방방식
F24F,공기조화; 공기가습; 환기; 차폐를 위한 기류의 이용
F24H,열발생수단이 있는 유체가열기
F24J,달리 분류되지 않는 열의 발생 또는 사용
F24S,태양열 집열기; 태양열 시스템
F24T,지열 수집기; 지열 시스템
F24V,"달리 분류되지 않는 열의 수집, 생산 또는 사용 "
F25B,"냉동기계, 플랜트(Plants) 또는 시스템; 가열과 냉동을 조합 시스템; 히트 펌프시스템"
F25C,"얼음의 제조, 작업 또는 취급"
F25D,냉장고; 냉각실; 아이스박스; 달리 제공되지 않는 냉각 또는 동결장치
F25J,"기체 또는 기체혼합물의 가압 및 냉각처리에 의한 액화,응고 또는 분리"
F26B,고체원료 또는 고형물에서 액체를 제거하는 것에 의한 건조
F27B,"노, 킬른, 가마, 레토르트일반; 개방식 소결용 또는 유사한 장치"
F27D,"노의 1종류 이상에서 볼 수 있는 것에 있어서의 노, 킬른, 오븐 또는 레토르트의 세부 또는 부속품"
F28B,수증기 또는 증기응축기
F28C,열교환매체가 상호 화학작용을 하지 않고 직접 접촉하는 열교환장치로 다른 서브클래스로 분류되지 않는 것
F28D,열교환매체가 직접접촉하지 않는 열교환 장치로 다른 서브클래스로 분류 되지 않는 것
F28F,일반적인 열 교환 또는 열전달장치의 세부
F28G,열교환관 또는 열전달관
F41A,소화기와 대포 등의 화기에 공통되는 기능적 특징 또는 세부; 소화기 또는 대포용 총포가
F41B,폭발성 또는 연소성 추진 장약을 사용하지 않는 미사일 발사용 무기; 달리 분류되지 않는 무기
F41C,소형화기
F41F,포신으로부터 투사체 또는 미사일을 발사하기 위한 장치
F41G,무기용 조준기; 조준
F41H,장갑; 장갑포탑; 장갑차량 또는 병장차(兵裝車); 공격 또는 방어의 수단일반
F41J,표적; 사격장; 탄알받이
F42B,장약
F42C,탄약 신관
F42D,폭파
F99Z,이 섹션 중에서 그 밖에 분류되지 않는 주제 사항
G01B,"길이, 두께 또는 유사한 직선치의 측정; 각도의 측정; 면적의 측정; 표면 또는 윤곽의 불규칙성 측정"
G01C,"거리, 수평, 방위의 측정; 측량; 항법; 자이로스코프 기기; 사진측량 또는 영상측량"
G01D,특정변량을 위해서 특별히 적용되지 않는 측정; 단일의 다른 서브클래스에 속하지 않는 그 이상의 변량을 측정하는 장치; 요금계량장치;특정변량을 위해서 특별히 적용되지 않는 설비의 이동 또는 도입; 달리 분류되지 않는 측정 또는 시험
G01F,"체적. 체적유량, 질량유량 또는 액위측정; 체적에 의한 계량"
G01G,중량 측정
G01H,"기계적 진동 또는 초음파, 음파 또는 아음파의 측정"
G01J,"적외선, 가시광선 또는 자외선의 강도, 속도, 스펙트럼, 편광 또는 위상 또는 펄스의 측정; 색의 측정; 방사온도측정"
G01K,온도의 측정; 열량의 측정; 달리 속하지 않는 감온소자
G01L,"힘, 토오크, 일, 기계적 동력, 기계적 효율 또는 유체압력의 측정"
G01M,기계 또는 구조물의 정적 또는 동적 평형시험; 달리 분류되지 않는 구조물 또는 장치의 시험
G01N,재료의 화학적 또는 물리적 성질의 검출에 의한 재료의 조사 또는 분석
G01P,"직선속도, 각속도, 가속도, 감속도 또는 충격의 측정; 운동의 유무; 운동의 방향 지시"
G01Q,스캐닝 프로브 기술 혹은 장치; 스캐닝 프로브 기술의 적용
G01R,전기변량의 측정; 자기변량의 측정
G01S,무선에 의한 방위결정; 무선항행; 무선전파의 사용에 의한 거리 또는 속도의 결정; 무선전파의 반사 또는 재방사의 사용에 의한 위치 또는 유무의 탐지; 기타의 파류를 사용하는 유사한 방식
G01T,원자핵 방사선 또는 X선의 측정
G01V,지구물리; 중력측정; 질량 또는 대상물의 검출; 태그스(TAGS)
G01W,기상학
G02B,"광학요소, 광학계 또는 광학장치"
G02C,안경; 선글래스 또는 안경과 같은 성질을 가진 보호안경; 콘택트 렌즈
G02F,"광의 강도, 색, 위상, 편광 또는 방향의 제어를 위한 장치 또는 배치"
G03B,사진을 촬영하기 위하여 또는 사진을 투영하여 직시하기 위한 장치 또는 배치; 광파 이외의 파를 사용하는 유사기술을 사용하는 장치 또는 배치; 그것을 위한 부속물
G03C,사진용 감광재료; 사진법
G03D,"노광필 사진재료의 처리장치, 그 용구"
G03F,사진제판법에 의한 요철화 또는 패턴화 표면의 제조
G03G,일렉트로그래피; 전자사진; 마그네토그래피
G03H,홀로그래픽 처리 또는 장치
G04B,"기계적 구동의 시계 또는 휴대시계; 시계 또는 휴대시계의 기계적 부분일반; 태양, 달 또는 별의 위치를 이용한 시계"
G04C,전기기계시계 또는 휴대전기기계시계
G04D,시계나 휴대시계의 제작 또는 유지하기 위하여 특별히 설계된 장비 또는 공구
G04F,시간간격의 측정
G04G,전자시계
G04R,무선 제어 시계
G05B,제어계 또는 조정계 일반; 이와 같은 계의 기능요소; 이와 같은 계 또는 요소의 감시 또는 시험장치
G05D,비전기적 변량의 제어 또는 조정계
G05F,전기적 또는 자기적 변량의 조정계 
G05G,기계적 구성에만 특징이 있는 제어장치 제어계
G06C,모든 계산이 기계적으로 행하여지는 디지털 컴퓨터
G06D,디지털 유체압 계산장치
G06E,광학 계산 장치
G06F,전기에 의한 디지털 데이터처리
G06G,아날로그 컴퓨터
G06J,하이브리드 컴퓨터
G06K,데이터의 인식; 데이터의 표시; 기록매체; 기록매체의 취급
G06M,계수메커니즘; 다른 방식으로는 분류되지 않는 계수
G06N,특정 계산모델 방식의 컴퓨터시스템
G06Q,"관리용, 상업용, 금융용, 경영용, 감독용 또는 예측용으로 특히 적합한 데이터 처리 시스템 또는 방법; 그 밖에 분류되지 않는 관리용, 상업용, 금융용, 경영용, 감독용 또는 예측용으로 특히 적합한 시스템 또는 방법 "
G06T,"이미지 데이터 처리 또는 발생, 일반"
G07B,"표 발매 기기; 택시미터; 하나 이상의 제어점에서 요금, 통행료 또는 입장요금 징수를 위한 장치; 우편요금기기"
G07C,"시간 또는 출석 등록; 기계 작업 등록 또는 표시; 난수의 발생; 투표 또는 추첨장치; 다른 개소에 속하지 않는 검사를 위한 배열, 시스템(system) 또는 장치"
G07D,동전이나 지폐의 취급
G07F,동전투입식 작동장치 및 유사장치
G07G,"현금, 귀중품 또는 명목화폐의 수취를 등록"
G08B,신호 또는 호출시스템; 지령발신장치; 경보 시스템
G08C,"측정치, 제어신호 또는 유사신호를 위한 전송방식"
G08G,교통제어시스템
G09B,교육용 또는 교시용의 기구; 맹인 또는 농아자와의 의사를 소통하기 위한 교습용기구; 모형; 유성의; 지구의; 지도; 도표
G09C,암호 또는 비밀의 필요성을 포함하는 다른 목적을 위한 암호화 또는 암호해독장치
G09D,철도 또는 이에 유사한 것의 시각표 또는 요금표; 만년캘린더
G09F,표시; 광고; 사인; 라벨 또는 명찰; 시일
G09G,정적수단을 사용하여 가변정보를 표시하는 표시장치의 제어를 위한 장치 또는 회로
G10B,"오르간, 풍금(Harmonium) 또는 관련된 송풍 기구를 갖는 유사한 기명악기 "
G10C,"피아노, 하프시코드(harpsichord), 소형 피아노(spinets) 또는 하나 이상의 건반을 가지는 유사한 현악기"
G10D,현악기; 기명악기; 아코디언 또는 콘서티나(concertina); 타악기; 에올리언 하프; 노래 불꽃 악기; 달리 분류되지 않는 악기
G10F,자동악기
G10G,음악 표현; 악보 형식으로 음악 녹음 달리 제공되지 않는 음악 또는 음악 악기 용 액세서리
G10H,전기악기; 전기기계적 수단 또는 전기적 발생기에 의해 생성된 음 또는 데이터저장체로부터 합성된 음의 악기
G10K,음을 발생하는 장치
G10L,음성분석 또는 합성; 음성 인식; 음성(speech) 또는 음성(voice) 처리; 음성(speech) 또는 오디오(audio) 부호화 또는 복호화
G11B,기록매체와 변환기 사이의 상대적인 운동을 기본으로 하는 정보저장
G11C,정적기억
G12B,달리 분류되지 않는 기계의 구성적 세부 또는 기타의 장치에 유사한 세부
G16B,"생물정보학, 즉. 컴퓨터 분자 생물학에서 유전자 또는 단백질-관련 데이터 처리에 특히 적합한 정보통신기술[ICT]"
G16C,컴퓨터 화학; 화학정보학; 컴퓨터 재료 과학
G16H,"헬스케어 인포매틱스, 즉. 의료 또는 건강 관리 데이터의 취급 또는 처리에 특히 적합한 정보통신 기술"
G16Y,사물 인터넷 [IoT]에 특히 적합한 정보 및 통신 기술
G16Z,달리분류되지 않는 특정 응용 영역에 특히 적합한 정보 통신 기술
G21B,핵융합로
G21C,원자로
G21D,원자력 발전소
G21F,"X선, 감마(gamma)선, 미립자선 또는 입자충격에 대한 보호; 방사능 오염물질의 처리; 오염제거장치"
G21G,화학원소의 변환; 방사선원 
G21H,방사선원으로부터의 에너지 취득; 방사선원으로부터의 방사선의 응용; 우주선의 이용
G21J,핵폭발; 그 이용
G21K,핵공학
G99Z,이 섹션 내에서 그 밖에 분류되지 않는 주제사항
H01B,"케이블; 도체; 절연체; 도전성, 절연성 또는 유전성 특성에 대한 재료의 선택"
H01C,저항기
H01F,자석; 인덕턴스(Inductance); 변성기; 자기특성을 위한 재료의 선택
H01G,"콘덴서; 전해용 콘덴서, 정류기, 검파기, 개폐장치 감광장치 또는 감온장치"
H01H,전기적스위치; 계전기; 셀렉터(selector); 비상보호장치
H01J,전자관 또는 방전램프
H01K,백열램프
H01L,반도체 장치; 다른 곳에 속하지 않는 전기적 고체 장치
H01M,화학에너지를 전기에너지로 직접 변환하기 위한 방법 또는 수단
H01P,"도파관; 도파관형의 공진기, 선로 또는 기타장치"
H01Q,"안테나, 즉. 라디오 공중선"
H01R,도전접속; 복수의 다중-절연된 전기접속부의 구조적 결합; 결합장치; 집전장치
H01S,광을 증폭 또는 생성하기 위해 복사의 유도 방출[레이저]에 의한 광 증폭 프로세스를 이용한 장치; 광학 이외의 파동 범위에서 전자기 방사의 유도 방출을 이용한 장치
H01T,스파크 갭; 스파크 갭을 사용한 과전압피뢰기; 스파크 플러그; 코로나 장치; 비밀폐 가스로의 이온 발생
H02B,"전력의 공급 또는 배치 또는 배전을 위한 반, 변전소, 또는 개폐장치"
H02G,"전기케이블 또는 전선, 또는 광 및 전기케이블 또는 전선의 결합체의 설치"
H02H,비상보호회로장치
H02J,전력급전 또는 전력배전을 위한 회로 장치 또는 시스템; 전기에너지를 저장하기 위한 시스템
H02K,회전-전기 기계
H02M,"교류-교류, 교류-직류 또는 직류-직류변환장치 및 주요한 또는 유사한 전력공급장치와 함께 사용하기 위한 장치; 직류 또는 교류입력의 서지 출력변환; 그것을 제어 또는 조정"
H02N,타류에 속하지 않는 전기
H02P,"전동기, 발전기, 회전변환기의 제어 또는 조정; 변압기 또는 리액터(Reactors) 또는 초크코일(Choke coil)의 제어"
H02S,"적외선, 가시광선 또는 자외선의 변환에 의한 전력의 발생, 예. 광전지[PV] 모듈을 이용하는 것"
H03B,"진동의 발생, 직접 또는 주파수 변조에 의한 진동의 발생, 스위칭 동작을 하지 않는 능동소자를 사용한 회로에 의한 진동의 발생; 이와 같은 회로에 의한 잡음의 발생 "
H03C,변조
H03D,하나의 반송파로부터 타반송파에의 복조 또는 변조의 변환
H03F,증폭기
H03G,증폭기의 제어
H03H,"임피던스회로망, 예. 공진회로; 공진기"
H03J,동조공진회로; 선택공진회로
H03K,펄스(PULSE)기술
H03L,"전자적 진동 또는 펄스발생기의 자동제어, 기동, 동기 또는 안정화"
H03M,복호화 또는 부호변환 일반
H04B,전송
H04H,방송통신
H04J,다중통신
H04K,비밀통신; 통신방해
H04L,디지털 정보의 전송
H04M,전화통신
H04N,화상통신
H04Q,선택
H04R,"확성기, 마이크로폰, 축음기 픽업(pick up) 또는 유사한 음향전기기계변환기; 보청기; 방성장치(public Address system)"
H04S,스테레오 시스템
H04W,무선 통신 네트워크
H05B,"	전기가열; 달리 분류되지 않는 전기조명"
H05C,"생물을 살해, 기절, 포위, 또는 유도하기 위하여 사용되는 장치에 특별히 설계된 전기회로 또는 전기장치"
H05F,"	정전기; 자연적으로 발생하는 전기"
H05G,X선 기술
H05H,플라스마(Plasma) 기술
H05K,인쇄 회로; 전기 장치의 케이싱 또는 구조적 세부; 전기 부품 조립체의 제조
H99Z,이 섹션 내에서 그 밖에 분류되지 않는 주제사항
H10N,열변환소자
G06V,컴퓨터비전
